383118285,2018-04-20T14:41:31Z,2018-04-20T14:41:31Z
383118366,2018-04-20T14:41:45Z,2018-04-20T14:41:45Z
383118411,2018-04-20T14:41:53Z,2018-05-07T08:48:13Z
383118452,2018-04-20T14:42:01Z,2018-05-07T15:11:51Z
383118494,2018-04-20T14:42:08Z,2018-04-20T14:42:08Z
383118536,2018-04-20T14:42:16Z,2018-04-20T14:42:16Z
383118585,2018-04-20T14:42:25Z,2018-04-20T14:42:25Z
383118622,2018-04-20T14:42:32Z,2018-04-20T14:42:32Z
383118660,2018-04-20T14:42:39Z,2018-04-20T14:42:39Z
383118709,2018-04-20T14:42:48Z,2018-05-07T14:45:54Z
383118756,2018-04-20T14:42:55Z,2018-04-20T14:42:55Z
383118802,2018-04-20T14:43:03Z,2018-04-20T14:43:03Z
383118839,2018-04-20T14:43:10Z,2018-04-20T14:43:10Z