50, 326082580, 2018-05-24T11:39:44Z, 2018-05-29T09:30:43Z, 留白
49, 322360101, 2018-05-11T16:34:46Z, 2018-07-19T18:51:25Z, Calculus Basics 微积分基础
48, 316295000, 2018-04-20T14:41:11Z, 2018-07-19T08:07:41Z, Pre Linear Algebra 线性代数基础
47, 312784446, 2018-04-10T06:07:29Z, 2018-05-29T09:31:03Z, Bible Questions in Short Answer 圣经疑难问题简答
46, 306720573, 2018-03-20T03:54:45Z, 2018-07-13T18:26:10Z, 留白
45, 304521052, 2018-03-12T20:07:22Z, 2018-06-24T15:49:11Z, Bible Study Notes 圣经阅读笔记
44, 300928755, 2018-02-28T08:14:22Z, 2018-07-14T08:58:08Z, Kindergarten Maths 幼儿园数学入门
43, 298368165, 2018-02-19T18:32:51Z, 2018-05-29T09:31:42Z, Kaggle learning curves
42, 294332309, 2018-02-05T09:55:01Z, 2018-06-03T17:43:47Z, API 数据操作实践
40, 294082904, 2018-02-03T04:25:20Z, 2018-07-13T18:24:38Z, Linear Algebra with Moocs 线性代数课程笔记
39, 293913142, 2018-02-02T14:51:53Z, 2018-07-21T06:15:23Z, Tweets 微博
38, 293621467, 2018-02-01T17:38:42Z, 2018-05-29T09:32:09Z, Machine Learning diary 机器学习日记
37, 292336125, 2018-01-29T09:26:22Z, 2018-05-29T09:32:15Z, Javascript 编码细节风范
36, 292332416, 2018-01-29T09:13:12Z, 2018-05-29T09:32:20Z, CSS 外观经验
35, 291797179, 2018-01-26T04:28:54Z, 2018-07-22T19:44:30Z, Network Engineering 网络工程师
34, 291691602, 2018-01-25T19:42:43Z, 2018-05-29T09:32:36Z, 留白
33, 291687904, 2018-01-25T19:30:09Z, 2018-07-17T19:03:26Z, OS Ops 操作杂疑症状
32, 291687546, 2018-01-25T19:28:56Z, 2018-07-21T10:28:09Z, WEB APP DESIGN 网络应用设计
31, 291678399, 2018-01-25T18:57:52Z, 2018-07-19T08:02:16Z, AWS为首的云服务器实战钻研
30, 291515253, 2018-01-25T10:11:18Z, 2018-07-16T10:11:20Z, IDE Hubs 各种IDE使用技巧
29, 291468663, 2018-01-25T06:55:21Z, 2018-07-18T17:37:36Z, Git Workflow
28, 290714127, 2018-01-23T05:31:57Z, 2018-05-29T09:33:11Z, 留白
27, 290708033, 2018-01-23T04:46:57Z, 2018-07-22T16:49:36Z, Linux 命令行终端操作积累
26, 290517584, 2018-01-22T16:00:03Z, 2018-07-22T18:02:29Z, RPi & Hardware Engineering 树莓派及硬件工程师
25, 290421983, 2018-01-22T10:48:44Z, 2018-07-21T07:07:44Z, Vim成长之路
24, 290364920, 2018-01-22T06:41:23Z, 2018-07-23T11:47:56Z, Python学习笔记
23, 290364725, 2018-01-22T06:39:55Z, 2018-05-29T09:34:26Z, Chrome Dev Tools 浏览器开发工具
22, 290360608, 2018-01-22T06:13:07Z, 2018-06-10T06:17:34Z, Wiki-Nerds 理论研究
21, 126853114, 2016-01-15T11:11:26Z, 2018-05-29T09:34:35Z, TL;DR. Archive Link  疑惑调研杂项长文汇总
20, 123169867, 2015-12-20T16:17:14Z, 2018-07-23T07:03:03Z, BRAIN STORMS
19, 123169864, 2015-12-20T16:17:09Z, 2018-05-29T09:34:46Z, 《为什么我说中国动画和日本动画差距在30年以上？》2013
18, 123169858, 2015-12-20T16:17:01Z, 2018-05-29T09:34:50Z, Fictions (UNDONE) 未完成小说
17, 122260610, 2015-12-15T12:18:43Z, 2018-05-29T09:34:57Z, 《读书系统的革命》2013
16, 121973952, 2015-12-14T04:44:49Z, 2018-06-09T11:30:50Z, Filming & Media Editing 多媒体编辑及摄影相关
15, 121911820, 2015-12-13T10:27:22Z, 2018-05-29T09:35:07Z, Essays & Tweets Archives 随笔随记备录
14, 121911639, 2015-12-13T10:20:51Z, 2018-05-29T09:35:11Z, 《如何正确地分析谢小波2014——人生大设计》
13, 121834179, 2015-12-12T05:12:33Z, 2018-05-29T09:35:15Z, 《探讨开源思想与应用》2009
12, 121833692, 2015-12-12T04:54:23Z, 2018-05-29T09:35:21Z, Annual Summaries & Reports 历年年度总结
11, 121833645, 2015-12-12T04:52:12Z, 2018-05-29T09:35:26Z, Australia Work & Holiday Visa #462 澳洲打工度假情报收集汇总
10, 121179482, 2015-12-09T07:29:30Z, 2018-06-04T08:17:35Z, Ebbinghaus' Forgetting Curve 艾宾浩斯遗忘曲线
9, 120883295, 2015-12-07T22:28:09Z, 2018-05-29T09:42:08Z, 对Python 2.x的通宵抱怨
8, 120586965, 2015-12-05T20:59:32Z, 2018-05-29T09:42:13Z, Python 文件读取的练习
7, 119087551, 2015-11-26T18:01:29Z, 2018-05-29T09:42:19Z, Python Scrapy的准备工作
6, 118428168, 2015-11-23T17:17:16Z, 2018-05-29T09:42:26Z, 留白
5, 110706564, 2015-10-09T17:48:23Z, 2018-05-29T09:42:31Z, 用issues做博客合不合适呢？
4, 110703148, 2015-10-09T17:28:31Z, 2018-05-29T09:42:39Z, test convert issue to pull request
3, 110702156, 2015-10-09T17:22:23Z, 2018-05-29T09:42:45Z, Test close issue
2, 110700766, 2015-10-09T17:13:40Z, 2018-05-29T09:42:49Z, First Issue Blog Test~~~~
1, 105788265, 2015-09-10T11:33:34Z, 2018-05-29T10:06:24Z, issue uploading test