367909998,2018-02-23T04:58:01Z,2018-05-01T16:28:17Z
370467603,2018-03-05T16:01:47Z,2018-05-01T17:01:33Z
381383946,2018-04-15T06:37:44Z,2018-05-04T16:23:05Z
383020020,2018-04-20T08:14:03Z,2018-05-02T14:16:41Z
385990238,2018-05-02T14:08:29Z,2018-07-13T18:24:38Z
386033645,2018-05-02T16:13:17Z,2018-05-08T07:00:13Z
386182390,2018-05-03T03:22:40Z,2018-05-04T16:23:18Z
386182431,2018-05-03T03:23:00Z,2018-05-07T15:15:18Z
386210066,2018-05-03T07:19:10Z,2018-05-04T16:22:09Z
386260109,2018-05-03T11:06:40Z,2018-05-03T16:44:00Z
386550413,2018-05-04T09:34:06Z,2018-05-08T06:42:56Z
386639070,2018-05-04T15:34:23Z,2018-05-05T08:59:05Z
386859797,2018-05-06T07:22:57Z,2018-05-07T07:56:28Z
386859969,2018-05-06T07:26:07Z,2018-05-07T15:58:17Z
387298066,2018-05-08T06:26:13Z,2018-05-08T08:37:09Z
387328623,2018-05-08T08:38:25Z,2018-05-08T10:03:50Z
387964418,2018-05-10T06:26:17Z,2018-05-10T15:40:12Z